"","x"
"1","PINVTGVGFDREASIRCSLVHSQSVLQRRRKLRRRKTISGIPRRVQQEIDSDESPVARERNVIVHTNPDPSNTVNRISGTRDSECQTEDILIAAPSRRRIR"
"2","ISALADKGDTMFTPAVSSRTRSRSLPREGNRGGDAEPKVGAKPSAYEEGESFVGDHERTPNDFSEAPSSPSAQDHQPTLGLACSQHLHSPQHKLSERGRSR"
"3","DHLDKVRGHRANSFTSTVADLLDDPNNSNTSDSEWNYLHHHHDASCRQDFSPERPKADSLGCPSFTSMATYDSFLEKSPSDKADTSSHFSVDTEGYYTSMH"
"4","NPPPSLAITPTILKSVNLRSINKSEEVKQKEENNTDLPYLEESTLTTAALSPSKIRPHTANKSVSRQYSTEDTILSFLDSSAVEMGPDKLHLEKNSTFDVK"
"5","AARPNDLDGKIIQYGPGPDETLEQVQKAPSAGLEEVAQPESVDVITSQSDSPTRATDVSNQFKHQFVMSRHHDKVPGTISYESEITSVNSFPEKCSKQENI"
"6","HRSKRKVLGRKDSGDMSVRSKSRAPLSSSSSSASSITSPSSNVTTPNSQRSPGLIYRNAKKSNTSNEEFKLLLLKKGSRSDSSYRMSATEILKSPILPKPP"
"7","INGVFVDKEEHMQVVDLVRKSGNSVTLLVLDGDSYEKAVKTRVDLKELGQSQKEQGLSDNILSPVMNGGVQTWTQPRLCYLVKEGGSYGFSLKTVQGKKGV"
"8","TRVDLKELGQSQKEQGLSDNILSPVMNGGVQTWTQPRLCYLVKEGGSYGFSLKTVQGKKGVYMTDITPQGVAMRAGVLADDHLIEVNGENVEDASHEEVVE"
"9","GGSYGFSLKTVQGKKGVYMTDITPQGVAMRAGVLADDHLIEVNGENVEDASHEEVVEKVKKSGSRVMFLLVDKETDKRHVEQKIQFKRETASLKLLPHQPR"
"10","VKKSGSRVMFLLVDKETDKRHVEQKIQFKRETASLKLLPHQPRIVEMKKGSNGYGFYLRAGSEQKGQIIKDIDSGSPAEEAGLKNNDLVVAVNGESVETLD"
"11","NNDLVVAVNGESVETLDHDSVVEMIRKGGDQTSLLVVDKETDNMYRLAHFSPFLYYQSQELPNGSVKEAPAPTPTSLEVSSPPDTTEEVDHKPKLCRLAKG"
"12","TLDHDSVVEMIRKGGDQTSLLVVDKETDNMYRLAHFSPFLYYQSQELPNGSVKEAPAPTPTSLEVSSPPDTTEEVDHKPKLCRLAKGENGYGFHLNAIRGL"
"13","GTVEALNAVHGFIAEKIREMPQNVAKTEPVSILQPQTTVNPDRIKQTLPSSPTTTKSSPSDPMTTSRANQVKIIVPNSTAGLIIGKGGATVKAVMEQSGAW"
"14","ESAPVANYNQRKEEEHTLLDKLTQQLQGLAVTISRENITEVGAPTEEEEESESEDSEDSGGEEEDAEEEEEEKEENESHKWSTGEEYIAVGDFTAQQVGDL"
"15","APVANYNQRKEEEHTLLDKLTQQLQGLAVTISRENITEVGAPTEEEEESESEDSEDSGGEEEDAEEEEEEKEENESHKWSTGEEYIAVGDFTAQQVGDLTF"
"16","ANYNQRKEEEHTLLDKLTQQLQGLAVTISRENITEVGAPTEEEEESESEDSEDSGGEEEDAEEEEEEKEENESHKWSTGEEYIAVGDFTAQQVGDLTFKKG"
"17","DSNNNTGGVITYIGSSGSSPSRTSPESLYSDNSNGSFQSLTQGCPTYFPPSPTGSLTQDPARSFGSIPPSLSDDGSPSSSSSSSSSSSSFYNGSPPGSLQV"
"18","NTGGVITYIGSSGSSPSRTSPESLYSDNSNGSFQSLTQGCPTYFPPSPTGSLTQDPARSFGSIPPSLSDDGSPSSSSSSSSSSSSFYNGSPPGSLQVAMED"
"19","IYELRRMPAETLYQGETEVAEMPVTKKPRMGASAGRIKGDELCVVCGDRASGYHYNALTCEGCKGFFRRSITKNAVYKCKNGGNCVMDMYMRRKCQECRLR"
"20","AEMPVTKKPRMGASAGRIKGDELCVVCGDRASGYHYNALTCEGCKGFFRRSITKNAVYKCKNGGNCVMDMYMRRKCQECRLRKCKEMGMLAECMYTGLLTE"
"21","YSCRGSKDCIINKHHRNRCQYCRLQRCIAFGMKQDSVQCERKPIEVSREKSSNCAASTEKIYIRKDLRSPLTATPTFVTDSESTRSTGLLDSGMFMNIHPS"
"22","CQYCRLQRCIAFGMKQDSVQCERKPIEVSREKSSNCAASTEKIYIRKDLRSPLTATPTFVTDSESTRSTGLLDSGMFMNIHPSGVKTESAVLMTSDKAESC"
"23","ASPPGAASDAEPGDEERPGLQVDCVVCGDKSSGKHYGVFTCEGCKSFFKRSIRRNLSYTCRSNRDCQIDQHHRNQCQYCRLKKCFRVGMRKEAVQRGRIPH"
"24","FKRTVQKNAKYICLANKDCPVDKRRRNRCQFCRFQKCLAVGMVKEVVRTDSLKGRRGRLPSKPKQPPDASPANLLTSLVRAHLDSGPSTAKLDYSKFQELV"
"25","YICLANKDCPVDKRRRNRCQFCRFQKCLAVGMVKEVVRTDSLKGRRGRLPSKPKQPPDASPANLLTSLVRAHLDSGPSTAKLDYSKFQELVLPHFGKEDAG"
"26","SHMKQLLLIQERWKRAQREERLKAQQNTDKDAAAHLQTSHKPSAEDAEGQSPLSQKYSPSTEKCLPEIQGIFDRDPDTLLYLLQQKSEPAEPCIGSKAPKD"
"27","SGSAFPTCQSNGPVLNTHTYQGSGMLHLKKARLLQSSEDWNAAKRKRLSDSIMNLNVKKEALLAGMVDSVPKGKQDSTLLASLLQSFSSRLQTVALSQQIR"
"28","SLKVEKDLRCYGVASSHLKTLLKKSKVKDQKPDTNLPDVTKNLIRDRFAESPHHVGQSGTKVMSEPLSCAARLQAVASMVEKRASPATSPKPSVACSQLAL"
"29","ENGQKDVGSYQLPKGMSSHLNGQARTSSSKLMASKSSATVFQNPMGIIPSSPKNAGYKNSLERNNIKQAANNSLLLHLLKSQTIPKPMNGHSHSERGSIFE"
"30","QARTSSSKLMASKSSATVFQNPMGIIPSSPKNAGYKNSLERNNIKQAANNSLLLHLLKSQTIPKPMNGHSHSERGSIFEESSTPTTIDEYSDNNPSFTDDS"
"31","NCVPIDLSCKHRTEKSESDQPVSLDNFTQSLLNTWDPKVPDVDIKEDQDTSKNSKLNSHQKVTLLQLLLGHKNEENVEKNTSPQGVHNDVSKFNTQNYART"
"32","LNTWDPKVPDVDIKEDQDTSKNSKLNSHQKVTLLQLLLGHKNEENVEKNTSPQGVHNDVSKFNTQNYARTSVIESPSTNRTTPVSTPPLLTSSKAGSPINL"
"33","LNSHQKVTLLQLLLGHKNEENVEKNTSPQGVHNDVSKFNTQNYARTSVIESPSTNRTTPVSTPPLLTSSKAGSPINLSQHSLVIKWNSPPYVCSTQSEKLT"
"34","EKNTSPQGVHNDVSKFNTQNYARTSVIESPSTNRTTPVSTPPLLTSSKAGSPINLSQHSLVIKWNSPPYVCSTQSEKLTNTASNHSMDLTKSKDPPGEKPA"
"35","NSATFSASKLLQNLAQCGMQSSMSVEEQRPSKQLLTGNTDKPIGMIDRLNSPLLSNKTNAVEENKAFSSQPTGPEPGLSGSEIENLLERRTVLQLLLGNPN"
"36","SEPCDDLQIPNTNVHLSHDAKSAPFLGMAPAVQRSAPALPVSEDFKSEPVSPQDFSFSKNGLLSRLLRQNQDSYLADDSDRSHRNNEMALLESKNLCMVPK"
"37","PHRSNSVADSKKKGHKNNVTNSKPEFSISSLNGLMYSSTQPSSCMDNRTFSYPGVVKTPVSPTFPEHLGCAGSRPESGLLNGCSMPSEKGPIKWVITDAEK"
"38","PSILKGEPATGKRQKIEVGLVVGNSQVAFEKAENSSLNLIGKAKTKENRQSIINPDWNFEKMGIGGLDKEFSDIFRRAFASRVFPPEIVEQMGCKHVKGIL"
"39","DDGELLVQQTKNSDRTPLVSVLLEGPPHSGKTALAAKIAEESNFPFIKICSPDKMIGFSETAKCQAMKKIFDDAYKSQLSCVVVDDIERLLDYVPIGPRFS"
"40","NRGRSGGQAERDRDWSHSGNPGASRAGEDARVLRDGFAEEAPSTSRGPGGSQGSQGPSPQGARRAQAAPAVGPRSQKQLELKVSELVQFLLIKDQKKIPIK"
"41","RSGGQAERDRDWSHSGNPGASRAGEDARVLRDGFAEEAPSTSRGPGGSQGSQGPSPQGARRAQAAPAVGPRSQKQLELKVSELVQFLLIKDQKKIPIKRAD"
"42","QAERDRDWSHSGNPGASRAGEDARVLRDGFAEEAPSTSRGPGGSQGSQGPSPQGARRAQAAPAVGPRSQKQLELKVSELVQFLLIKDQKKIPIKRADILKH"
"43","NIKQKFVALLKRFKVSDEVGFGLEHVSREQIREVEEDLDELYDSLEMYNPSDSGPEMEETESILSTPKPKLKPFFEGMSQSSSQTEIGSLNSKGSLGKDTT"
"44","KQKFVALLKRFKVSDEVGFGLEHVSREQIREVEEDLDELYDSLEMYNPSDSGPEMEETESILSTPKPKLKPFFEGMSQSSSQTEIGSLNSKGSLGKDTTSP"
"45","DSGPEMEETESILSTPKPKLKPFFEGMSQSSSQTEIGSLNSKGSLGKDTTSPMELAALEKIKSTWIKNQDDSLTETDTLEITDQDMFGDASTSLVVPEKVK"
"46","IKNQDDSLTETDTLEITDQDMFGDASTSLVVPEKVKTPMKSSKTDLQGSASPSKVEGVHTPRQKRSTPLKERQLSKPLSERTNSSDSERSPDLGHSTQIPR"
"47","ASTSLVVPEKVKTPMKSSKTDLQGSASPSKVEGVHTPRQKRSTPLKERQLSKPLSERTNSSDSERSPDLGHSTQIPRKVVYDQLNQILVSDAALPENVILV"
"48","KVKTPMKSSKTDLQGSASPSKVEGVHTPRQKRSTPLKERQLSKPLSERTNSSDSERSPDLGHSTQIPRKVVYDQLNQILVSDAALPENVILVNTTDWQGQY"
"49","VKTPMKSSKTDLQGSASPSKVEGVHTPRQKRSTPLKERQLSKPLSERTNSSDSERSPDLGHSTQIPRKVVYDQLNQILVSDAALPENVILVNTTDWQGQYV"
"50","TPMKSSKTDLQGSASPSKVEGVHTPRQKRSTPLKERQLSKPLSERTNSSDSERSPDLGHSTQIPRKVVYDQLNQILVSDAALPENVILVNTTDWQGQYVAE"
"51","KSSKTDLQGSASPSKVEGVHTPRQKRSTPLKERQLSKPLSERTNSSDSERSPDLGHSTQIPRKVVYDQLNQILVSDAALPENVILVNTTDWQGQYVAELLQ"
"52","SARSHKEPPSPADVPEKTRSLGGRQPSDSVSDTVALGVPGPREHPGQPEDSPEAEASTLDVFTERLPPSGRITKTESLVIPSTRSEGKQAGRRGRSTSLKE"
"53","SDSVSDTVALGVPGPREHPGQPEDSPEAEASTLDVFTERLPPSGRITKTESLVIPSTRSEGKQAGRRGRSTSLKERQAARPQNERANSLDNERCPDARSQL"
"54","ERLPPSGRITKTESLVIPSTRSEGKQAGRRGRSTSLKERQAARPQNERANSLDNERCPDARSQLQIPRKTVYDQLNHILISDDQLPENIILVNTSDWQGQF"
"55","IAGANCAHQLPIAEAMLTYKQKSPDEESSQKFIPFVGVVKVGIVEPSSATSGDSDDAAPSGSGTLSSTPPSASPAAKEASPTPPSSPSVSGGLSSPSQGVG"
"56","ANCAHQLPIAEAMLTYKQKSPDEESSQKFIPFVGVVKVGIVEPSSATSGDSDDAAPSGSGTLSSTPPSASPAAKEASPTPPSSPSVSGGLSSPSQGVGAEL"
"57","SDSIVAITLHSLAVLVSLLGPEVVVGGERTKIFKRTAPSFTKNTDLSLEDSPMCVVCSHHSQISPILENPFSSIFPKCFFSGSTPINSKKHIQRDYYNTLL"
"58","AAAAAAAAAAGAAGGRGSGPGRRRHLVPGAGGEAGEGAPGGAGDYGNGLESEELEPEELLLEPEPEPEPEEEPPRPRAPPGAPGPGPGSGAPGSQEEEEEP"
"59","DYGNGLESEELEPEELLLEPEPEPEPEEEPPRPRAPPGAPGPGPGSGAPGSQEEEEEPGLVEGDPGDGAIEDPELEAIKARVREMEEEAEKLKELQNEVEK"
"60","EEPGLVEGDPGDGAIEDPELEAIKARVREMEEEAEKLKELQNEVEKQMNMSPPPGNAGPVIMSIEEKMEADARSIYVGNVDYGATAEELEAHFHGCGSVNR"
"61","AEELEAHFHGCGSVNRVTILCDKFSGHPKGFAYIEFSDKESVRTSLALDESLFRGRQIKVIPKRTNRPGISTTDRGFPRARYRARTTNYNSSRSRFYSGFN"
"62","EKQHKHDLLTEPDLGVTIDLINPDTYRIDPNVLLDPADEKLLEEEIQAPTSSKRSQQHAKVVPWMRKTEYISTEFNRYGISNEKPEVKIGVSVKQQFTEEE"
"63","KEGSEDEHSGSESEREEGDRDEASDKSGSGEDESSEDEARAARDKEEIFGSDADSEDDADSDDEDRGQAQGGSDNDSDSGSNGGGQRSRSHSRSASPFPSG"
"64","EGGEFSVDRPIIDRPIRGRGGLGRGRGGRGRGMGRGDGFDSRGKREFDRHSGSDRSSFSHYSGLKHEDKRGGSGSHNWGTVKDELTESPKYIQKQISYNYS"
"65","VDRPIIDRPIRGRGGLGRGRGGRGRGMGRGDGFDSRGKREFDRHSGSDRSSFSHYSGLKHEDKRGGSGSHNWGTVKDELTESPKYIQKQISYNYSDLDQSN"
"66","RPIIDRPIRGRGGLGRGRGGRGRGMGRGDGFDSRGKREFDRHSGSDRSSFSHYSGLKHEDKRGGSGSHNWGTVKDELTESPKYIQKQISYNYSDLDQSNVT"
"67","IDRPIRGRGGLGRGRGGRGRGMGRGDGFDSRGKREFDRHSGSDRSSFSHYSGLKHEDKRGGSGSHNWGTVKDELTESPKYIQKQISYNYSDLDQSNVTEET"
"68","GRGGRGRGMGRGDGFDSRGKREFDRHSGSDRSSFSHYSGLKHEDKRGGSGSHNWGTVKDELTESPKYIQKQISYNYSDLDQSNVTEETPEGEEHHPVADTE"
"69","GFDSRGKREFDRHSGSDRSSFSHYSGLKHEDKRGGSGSHNWGTVKDELTESPKYIQKQISYNYSDLDQSNVTEETPEGEEHHPVADTENKENEVEEVKEEG"
"70","VKEEGPKEMTLDEWKAIQNKDRAKVEFNIRKPNEGADGQWKKGFVLHKSKSEEAHAEDSVMDHHFRKPANDITSQLEINFGDLGRPGRGGRGGRGGRGRGG"
"71","GELEDKPPAPPVRMSSTIFSTGGKDPLSANHSLKPLPSVPEEKKPRHKIISIFSGTEKGSKKKEKERPEISPPSDFEHTIHVGFDAVTGEFTGMPEQWARL"
"72","EDKPPAPPVRMSSTIFSTGGKDPLSANHSLKPLPSVPEEKKPRHKIISIFSGTEKGSKKKEKERPEISPPSDFEHTIHVGFDAVTGEFTGMPEQWARLLQT"
"73","PPVRMSSTIFSTGGKDPLSANHSLKPLPSVPEEKKPRHKIISIFSGTEKGSKKKEKERPEISPPSDFEHTIHVGFDAVTGEFTGMPEQWARLLQTSNITKL"
"74","VTGEFTGMPEQWARLLQTSNITKLEQKKNPQAVLDVLKFYDSNTVKQKYLSFTPPEKDGFPSGTPALNAKGTEAPAVVTEEEDDDEETAPPVIAPRPDHTK"
"75","WARLLQTSNITKLEQKKNPQAVLDVLKFYDSNTVKQKYLSFTPPEKDGFPSGTPALNAKGTEAPAVVTEEEDDDEETAPPVIAPRPDHTKSIYTRSVIDPV"
"76","KDGFPSGTPALNAKGTEAPAVVTEEEDDDEETAPPVIAPRPDHTKSIYTRSVIDPVPAPVGDSHVDGAAKSLDKQKKKTKMTDEEIMEKLRTIVSIGDPKK"
"77","KLPEGIPEQWARLLQTSNITKLEQKKNPQAVLDVLKFYDSKETVNNQKYMSFTSGDKSAHGYIAAHPSSTKTASEPPLAPPVSEEEDEEEEEEEDENEPPP"
"78","DVLKFYDSKETVNNQKYMSFTSGDKSAHGYIAAHPSSTKTASEPPLAPPVSEEEDEEEEEEEDENEPPPVIAPRPEHTKSIYTRSVVESIASPAVPNKEVT"
"79","VDPACITSIQPGAPKTIVRGSKGAKDGALTLLLDEFENMSVTRSNSLRRDSPPPPARARQENGMPEEPATTARGGPGKAGSRGRFAGHSEAGGGSGDRRRA"
"80","NSLRRDSPPPPARARQENGMPEEPATTARGGPGKAGSRGRFAGHSEAGGGSGDRRRAGPEKRPKSSREGSGGPQESSRDKRPLSGPDVGTPQPAGLASGAK"
"81","MPEEPATTARGGPGKAGSRGRFAGHSEAGGGSGDRRRAGPEKRPKSSREGSGGPQESSRDKRPLSGPDVGTPQPAGLASGAKLAAGRPFNTYPRADTDHPS"
"82","KAGSRGRFAGHSEAGGGSGDRRRAGPEKRPKSSREGSGGPQESSRDKRPLSGPDVGTPQPAGLASGAKLAAGRPFNTYPRADTDHPSRGAQGEPHDVAPNG"
"83","GGGSGDRRRAGPEKRPKSSREGSGGPQESSRDKRPLSGPDVGTPQPAGLASGAKLAAGRPFNTYPRADTDHPSRGAQGEPHDVAPNGPSAGGLAIPQSSSS"
"84","YPRADTDHPSRGAQGEPHDVAPNGPSAGGLAIPQSSSSSSRPPTRARGAPSPGVLGPHASEPQLAPPACTPAAPAVPGPPGPRSPQREPQRVSHEQFRAAL"
"85","SRGAQGEPHDVAPNGPSAGGLAIPQSSSSSSRPPTRARGAPSPGVLGPHASEPQLAPPACTPAAPAVPGPPGPRSPQREPQRVSHEQFRAALQLVVDPGDP"
"86","QSSSSSSRPPTRARGAPSPGVLGPHASEPQLAPPACTPAAPAVPGPPGPRSPQREPQRVSHEQFRAALQLVVDPGDPRSYLDNFIKIGEGSTGIVCIATVR"
"87","VLQALSVLHAQGVIHRDIKSDSILLTHDGRVKLSDFGFCAQVSKEVPRRKSLVGTPYWMAPELISRLPYGPEVDIWSLGIMVIEMVDGEPPYFNEPPLKAM"
"88","VDPSCITPIQLAPMKTIVRGNKPCKETSINGLLEDFDNISVTRSNSLRKESPPTPDQGASSHGPGHAEENGFITFSQYSSESDTTADYTTEKYREKSLYGD"
"89","SNVSQSNMSAFSQVFSHPSMGSPATAGLAPGMSLSAGSSPLHSPKITPHTSPAPRRRSHTPNPASYMVPSSASTSVNNPVSQTPSSGQVIQKETVGGTTYF"
"90","MSAFSQVFSHPSMGSPATAGLAPGMSLSAGSSPLHSPKITPHTSPAPRRRSHTPNPASYMVPSSASTSVNNPVSQTPSSGQVIQKETVGGTTYFYTDTTPA"
"91","DFVQKGSAQSVKKVKVVIFLPQVLDVFYANMKKREGTQLSSQQSVMSKLASFLGFSKQSPQKKNHLVLEKKTESATFRVCGENVTCVEYAISWLQDLIEKE"
"92","QSVKKVKVVIFLPQVLDVFYANMKKREGTQLSSQQSVMSKLASFLGFSKQSPQKKNHLVLEKKTESATFRVCGENVTCVEYAISWLQDLIEKEQCPYTSED"
"93","PKSPTPKSPPSRKKDDSFLGKLGGTLARRKKAKEVSELQEEGMNAINLPLSPIPFELDPEDTMLEENEVRTMVDPNSRSDPKLQELMKVLIDWINDVLVGE"
"94","APRSPTPRPRRMKKDESFLGKLGGTLARKRRAREVSDLQEEGKNAINSPMSPALVDVHPEDTQLEENEERTMIDPTSKEDPKFKELVKVLLDWINDVLVEE"
"95","AEEAVRIAREIGYPVMIKASAGGGGKGMRIAWDDEETRDGFRLSSQEAASSFGDDRLLIEKFIDNPRHIEIQVLGDKHGNALWLNERECSIQRRNQKVVEE"
"96","KHIKEAGMFAPTQRTEGISTSDIITRIVRDYDVYARRNLQRGYTAKELNVSFINEKKYHLQERVDKVKKKVKDVEEKSKEFVQKVEEKSIDLIQKWEEKSR"
"97","QKVEEKSIDLIQKWEEKSREFIGSFLEMFGPEGALKHMLKEGKGRMLQAISPKQSPSSSPTRERSPSPSFRWPFSGKTSPPCSPANLSRHKAAAYDISEDE"
"98","LQLPRYIMAGFPVCPKLSLEFGDPASSLFRWYKEAKPGAAEPEVGVPSSLSPSSPSSSWTETDVEERVYTPSNADIGLRLKLHCTPGDGQRFGHSRELESV"
"99","LKKEECPAVRLITLEEEMTKYKPESEELTAERITEFCHRFLEGKIKPHLMSQELPEDWDKQPVKVLVGKNFEDVAFDEKKNVFVEFYAPWCGHCKQLAPIW"
"100","KLLQKDARFRIKGKVQDAREMLNSRKQQTTVPQKPRQVADAREKISLKRSSPAAFINPPIGTVTPALKLTKTIQVPQQKAMAPLHPHPAGMRINVVNNHQA"
"101","QKAMAPLHPHPAGMRINVVNNHQAKQNLYDLDEDDDGIASVPTKQMKFAASGGFLHHMAGLSSSKLSMSKALPLTKVVQNDAYTAPALPSSIRTKALTNMS"
"102","AGMRINVVNNHQAKQNLYDLDEDDDGIASVPTKQMKFAASGGFLHHMAGLSSSKLSMSKALPLTKVVQNDAYTAPALPSSIRTKALTNMSRTLVNKEEPPK"
"103","MRINVVNNHQAKQNLYDLDEDDDGIASVPTKQMKFAASGGFLHHMAGLSSSKLSMSKALPLTKVVQNDAYTAPALPSSIRTKALTNMSRTLVNKEEPPKEL"
"104","VPTKQMKFAASGGFLHHMAGLSSSKLSMSKALPLTKVVQNDAYTAPALPSSIRTKALTNMSRTLVNKEEPPKELPAAEPVLSPLEGTKMTVNNLHPRVTEE"
"105","LPLTKVVQNDAYTAPALPSSIRTKALTNMSRTLVNKEEPPKELPAAEPVLSPLEGTKMTVNNLHPRVTEEDIVELFCVCGALKRARLVHPGVAEVVFVKKD"
"106","SALEYLHGKGIIHRDLKPENILLNEDMHIQITDFGTAKVLSPESKQARANSFVGTAQYVSPELLTEKSACKSSDLWALGCIIYQLVAGLPPFRAGNEYLIF"
"107","ESVTWENLHQQTPPKLTAYLPAMSEDDEDCYGNYDNLLSQFGCMQVSSSSSSHSLSASDTGLPQRSGSNIEQYIHDLDSNSFELDLQFSEDEKRLLLEKQA"
"108","SVTWENLHQQTPPKLTAYLPAMSEDDEDCYGNYDNLLSQFGCMQVSSSSSSHSLSASDTGLPQRSGSNIEQYIHDLDSNSFELDLQFSEDEKRLLLEKQAG"
"109","TWENLHQQTPPKLTAYLPAMSEDDEDCYGNYDNLLSQFGCMQVSSSSSSHSLSASDTGLPQRSGSNIEQYIHDLDSNSFELDLQFSEDEKRLLLEKQAGGN"
"110","ENLHQQTPPKLTAYLPAMSEDDEDCYGNYDNLLSQFGCMQVSSSSSSHSLSASDTGLPQRSGSNIEQYIHDLDSNSFELDLQFSEDEKRLLLEKQAGGNPW"
"111","AYLPAMSEDDEDCYGNYDNLLSQFGCMQVSSSSSSHSLSASDTGLPQRSGSNIEQYIHDLDSNSFELDLQFSEDEKRLLLEKQAGGNPWHQFVENNLILKM"
"112","FVENNLILKMGPVDKRKGLFARRRQLLLTEGPHLYYVDPVNKVLKGEIPWSQELRPEAKNFKTFFVHTPNRTYYLMDPSGNAHKWCRKIQEVWRQRYQSHP"
"113","NPKLAPSFPSPPAVSIASFVTVKRPGVTGENSNEVAKLVNTLNTIPSLGQSPGPVVVSNNSSAHGSQRTSGPESSMKVTSSIPVFDLQDGGRKICPRCNAQ"
"114","NSNEVAKLVNTLNTIPSLGQSPGPVVVSNNSSAHGSQRTSGPESSMKVTSSIPVFDLQDGGRKICPRCNAQFRVTEALRGHMCYCCPEMVEYQKKGKSLDS"
"115","KICPRCNAQFRVTEALRGHMCYCCPEMVEYQKKGKSLDSEPSVPSAAKPPSPEKTAPVASTPSSTPIPALSPPTKVPEPNENVGDAVQTKLIMLVDDFYYG"
"116","CYCCPEMVEYQKKGKSLDSEPSVPSAAKPPSPEKTAPVASTPSSTPIPALSPPTKVPEPNENVGDAVQTKLIMLVDDFYYGRDGGKVAQLTNFPKVATSFR"
"117","FKNSVSGIKLACTSCTFVTSVGDAMAKHLVFNPSHRSSSILPRGLTWIAHSRHGQTRDRVHDRNVKNMYPPPSFPTNKAATVKSAGATPAEPEELLTPLAP"
"118","ADTACDSDVLLQLVLVWLGEVLGVIGDCPELVQRSFLVASVLPGPDGNINSPTRNADMQEELIASLEEQLKLSGEHSESSTPRPRSSPEETIEPESLHQLF"
"119","VVGAGLQTAGESGSSPEGLLASELVHRPEPCTSPEAMGPSGHRRRCLVPASPEQHVEVDKAVAQNMDSVFKELLGKTSVRQGLGPASTTSPSPGPRSPKAP"
"120","SLLLKHIGFVYHPTKETCLSGQNCTDIKVEQLLASSLLQLDHGRLRLYHDSTNIDKVNLFILGKDGLAQELANEIRTQSTDDEYALDGKIYELDLRPVDAK"
"121","RHQGQQLANKLQCPFVDVPAGTYPRKFNETQIKQALRGVLESVKHNLDVVSPIPANKDLSEADLRIVMCAMCGDPFSVDLILSPFLDSHSCSAAQAGQNNS"
"122","MTEGEHIATEITAKFTALYSLSQYHRQTEVFTLFFSDVLEKKNMIENSYLSDNTRESTHQSEDVFLPSPRDCFPYNNYPDSDDDTEAPPPYSPIGDDVQLL"
"123","LYSLSQYHRQTEVFTLFFSDVLEKKNMIENSYLSDNTRESTHQSEDVFLPSPRDCFPYNNYPDSDDDTEAPPPYSPIGDDVQLLPTPSDRSRYRLDLEGNE"
"124","GIGKNPRKQTSRVPLAHPEDMDPSDNYAEPIDTIFKQKGYSDEIYVVPDDSQNRIKIRNSFVNNTQGDEENGFSDRTSKSHGERRPSKYKYKSKTLFSKAK"
"125","NSFVNNTQGDEENGFSDRTSKSHGERRPSKYKYKSKTLFSKAKSYYRRTHSDASDDEAFTTSKTKRKGRHRGSEEDPLLSPVETWKGGIDNPAITSDQELD"
"126","VNNTQGDEENGFSDRTSKSHGERRPSKYKYKSKTLFSKAKSYYRRTHSDASDDEAFTTSKTKRKGRHRGSEEDPLLSPVETWKGGIDNPAITSDQELDDKK"
"127","HGERRPSKYKYKSKTLFSKAKSYYRRTHSDASDDEAFTTSKTKRKGRHRGSEEDPLLSPVETWKGGIDNPAITSDQELDDKKMKKKTHKVKEDKKQKKKTK"
"128","KYKYKSKTLFSKAKSYYRRTHSDASDDEAFTTSKTKRKGRHRGSEEDPLLSPVETWKGGIDNPAITSDQELDDKKMKKKTHKVKEDKKQKKKTKNFNPPTR"
"129","YRRTHSDASDDEAFTTSKTKRKGRHRGSEEDPLLSPVETWKGGIDNPAITSDQELDDKKMKKKTHKVKEDKKQKKKTKNFNPPTRRNWESNYFGMPLQDLV"
"130","VPIQSLSELERARLQEVAFYQLQQDCDLSCQITIPKDGQKRKKSLRKKLDSLGKEKNKDKEFIPQAFGMPLSQVIANDRAYKLKQDLQRDEQKDASDFVAS"
"131","ASLLPFGNKRQNKELSSSNSSLSSTSETPNESTSPNTPEPAPRARRRGAMSVDSITDLDDNQSRLLEALQLSLPAEAQSKKEKARDKKLSLNPIYRQVPRL"
"132","LETDPDVVDYLLRRKASQSSSPDMLQSEVSFSVGGRHSSTDSNKASSGDISPYDNNSPVLSERSLLAMQEDAAPGGSEKLYRVPGQFMLVGHLSSSKSRES"
"133","VVDYLLRRKASQSSSPDMLQSEVSFSVGGRHSSTDSNKASSGDISPYDNNSPVLSERSLLAMQEDAAPGGSEKLYRVPGQFMLVGHLSSSKSRESSPGPRL"
"134","RKASQSSSPDMLQSEVSFSVGGRHSSTDSNKASSGDISPYDNNSPVLSERSLLAMQEDAAPGGSEKLYRVPGQFMLVGHLSSSKSRESSPGPRLGKDLSEE"
"135","ASSGDISPYDNNSPVLSERSLLAMQEDAAPGGSEKLYRVPGQFMLVGHLSSSKSRESSPGPRLGKDLSEEPFDIWGTWHSTLKSGSKDPGMTGSSGDIFES"
"136","MLVGHLSSSKSRESSPGPRLGKDLSEEPFDIWGTWHSTLKSGSKDPGMTGSSGDIFESSSLRAGPCSLSQGNLSPNWPRWQGSPAELDSDTQGARRTQAAA"
"137","RLGKDLSEEPFDIWGTWHSTLKSGSKDPGMTGSSGDIFESSSLRAGPCSLSQGNLSPNWPRWQGSPAELDSDTQGARRTQAAAPATEGRAHPAVSRACSTP"
"138","LSEEPFDIWGTWHSTLKSGSKDPGMTGSSGDIFESSSLRAGPCSLSQGNLSPNWPRWQGSPAELDSDTQGARRTQAAAPATEGRAHPAVSRACSTPHVQVA"
"139","GTWHSTLKSGSKDPGMTGSSGDIFESSSLRAGPCSLSQGNLSPNWPRWQGSPAELDSDTQGARRTQAAAPATEGRAHPAVSRACSTPHVQVAGKAERPTAR"
"140","SLSQGNLSPNWPRWQGSPAELDSDTQGARRTQAAAPATEGRAHPAVSRACSTPHVQVAGKAERPTARSEQYLTLSGAHDLSESELDVAGLQSRATPQCQRP"
"141","DPAGRCLLPRPKSLAGSCPSTRLLTLEEAQARTQGRLGTPTEPTTPKAPASPAERRKGERGEKQRKPGGSSWKTFFALGRGPSVPRKKPLPWLGGTRAPPQ"
"142","PGGSSWKTFFALGRGPSVPRKKPLPWLGGTRAPPQPSGSRPDTVTLRSAKSEESLSSQASGAGLQRLHRLRRPHSSSDAFPVGPAPAGSCESLSSSSSSES"
"143","SLSSSSSSESSSSESSSSSSESSAAGLGALSGSPSHRTSAWLDDGDELDFSPPRCLEGLRGLDFDPLTFRCSSPTPGDPAPPASPAPPAPASAFPPRVTPQ"
"144","TPGDPSESRQLWIWLHPTLKQDILEEIKAACQCVEPIKSAVCIADPLPTPSQEKSQTELPDEKIGKKRKRKDDGENAKPIKKIIGDGTRDPCLPYSWISPT"
"145","EKVRQLLLEGVPVECTHSFIWNQDICKSVTENKISDQDLNRMRSELLVPGSQLILGPHESKIPILLIQQPGKVTGEDRLGWGSGWDVLLPKGWGMAFWIPF"
"146","NLLEKYKRRPPAKRPNYVKLGTLAPFCCPWEQLTQDWESRVQAYEEPSVASSPNGKESDLRRSEVPCAPMPKKTHQPSDEVGTSIEHPREAEEVMDAGCQE"
"147","LLEKYKRRPPAKRPNYVKLGTLAPFCCPWEQLTQDWESRVQAYEEPSVASSPNGKESDLRRSEVPCAPMPKKTHQPSDEVGTSIEHPREAEEVMDAGCQES"
"148","YKPLNTTPNATKEIKVKIIPPQPMEGLGFLDALNSAPVPGIKIKKKKKVLSPTAAKPSPFEGKTSTEPSTAKPSSPEPAPPSEAMDADRPGTPVPPVEVPE"
"149","TAKPSSPEPAPPSEAMDADRPGTPVPPVEVPELMDTASLEPGALDAKPVESPGDPNQLTRKGRKRKSVTWPEEGKLREYFYFELDETERVNVNKIKDFGEA"
"150","DADRPGTPVPPVEVPELMDTASLEPGALDAKPVESPGDPNQLTRKGRKRKSVTWPEEGKLREYFYFELDETERVNVNKIKDFGEAAKREILSDRHAFETAR"
"151","QELFLNKESPHEPDPEPYEPIPPKLIPLDEECSMDETPYVETLEPGGSGGSPDGAGGSKLPPVLANLMGSMGAGKGPQGPGGGGINVQEILTSIMGSPNSH"
"152","GSGGSPDGAGGSKLPPVLANLMGSMGAGKGPQGPGGGGINVQEILTSIMGSPNSHPSEELLKQPDYSDKIKQMLVPHGLLGPGPIANGFPPGGPGGPKGMQ"
"153","SVLTLKGLTPTGMLPSGVLSGGKQTLQSATVEAIEADEAIKGFSPQHKITSFEEAKGLDRINERMPPRRDAMPSDANLNSINKALTSETNGTDSNGSNSSN"
"154","VFGQVIKGIGVARILENVEVKGEKPAKLCVIAECGELKEGDDGGIFPKDGSGDSHPDFPEDADIDLKDVDKILLITEDLKNIGNTFFKSQNWEMAIKKYAE"
"155","IPDWKLQLLARRRQEEASVRGREKAERERLSQMPAWKRGLLERRRAKLGLSPGEPSPVLGTVEAGPPDPDESAVLLEAIGPVHQNRFIRQERQQQQQQQQR"
"156","SAVLLEAIGPVHQNRFIRQERQQQQQQQQRSEELLAERKPGPLEARERRPSPGEMRDQSPKGRESREERLSPRETRERRLGIGGAQELSLRPLEARDWRQS"
"157","GPVHQNRFIRQERQQQQQQQQRSEELLAERKPGPLEARERRPSPGEMRDQSPKGRESREERLSPRETRERRLGIGGAQELSLRPLEARDWRQSPGEVGDRS"
"158","SPGEMRDQSPKGRESREERLSPRETRERRLGIGGAQELSLRPLEARDWRQSPGEVGDRSSRLSEAWKWRLSPGETPERSLRLAESREQSPRRKEVESRLSP"
"159","SPRETRERRLGIGGAQELSLRPLEARDWRQSPGEVGDRSSRLSEAWKWRLSPGETPERSLRLAESREQSPRRKEVESRLSPGESAYQKLGLTEAHKWRPDS"
"160","QSPGEVGDRSSRLSEAWKWRLSPGETPERSLRLAESREQSPRRKEVESRLSPGESAYQKLGLTEAHKWRPDSRESQEQSLVQLEATEWRLRSGEERQDYSE"
"161","PVEDGERGMKPTEGWKWTLNSGKAREWTPRDIEAQTQKPEPPESAEKLLESPGVEAGEGEAEKEEAGAQGRPLRALQNCCSVPSPLPPEDAGTGGLRQQEE"
"162","EAGAQGRPLRALQNCCSVPSPLPPEDAGTGGLRQQEEEAVELQPPPPAPLSPPPPAPTAPQPPGDPLMSRLFYGVKAGPGVGAPRRSGHTFTVNPRRSVPP"
"163","APQPPGDPLMSRLFYGVKAGPGVGAPRRSGHTFTVNPRRSVPPATPATPTSPATVDAAVPGAGKKRYPTAEEILVLGGYLRLSRSCLAKGSPERHHKQLKI"
"164","VPPATPATPTSPATVDAAVPGAGKKRYPTAEEILVLGGYLRLSRSCLAKGSPERHHKQLKISFSETALETTYQYPSESSVLEELGPEPEVPSAPNPPAAQP"
"165","SPHQRASGEGHHLKSKRPNPCAYTPPSLKAVQRIAESHLQSISNLNENQASEEEDELGELRELGYPREEDEEEEEDDEEEEEEEDSQAEVLKVIRQSAGQK"
"166","ESHLQSISNLNENQASEEEDELGELRELGYPREEDEEEEEDDEEEEEEEDSQAEVLKVIRQSAGQKTTCGQGLEGPWERPPPLDESERDGGSEDQVEDPAL"
"167","EDVVATGADPSDLESGGLLHEIFTSPLNLLLLGLCIFLLYKIVRGDQPAASGDSDDDEPPPLPRLKRRDFTPAELRRFDGVQDPRILMAINGKVFDVTKGR"
"168","VATGADPSDLESGGLLHEIFTSPLNLLLLGLCIFLLYKIVRGDQPAASGDSDDDEPPPLPRLKRRDFTPAELRRFDGVQDPRILMAINGKVFDVTKGRKFY"
"169","VQLLLSDCPPDRLRRFLRTLRLKLAAAPGPGPASARAQLLGPRPRDFVTISPVQPEERRLRAATRVPDTTLVKRPVEPQAGAEPSTEAPRWPLPVKRLSLP"
"170","SNLLASVPADLARLPLLTRLDLRDNQLRDLPPELLDAPFVRLQGNPLGEASPDAPSSPVAALIPEMPRLFLTSDLDSFPVTPQGCSVTLACGVRLQFPAGA"
"171","VPADLARLPLLTRLDLRDNQLRDLPPELLDAPFVRLQGNPLGEASPDAPSSPVAALIPEMPRLFLTSDLDSFPVTPQGCSVTLACGVRLQFPAGATATPIT"
"172","LTDMEHVSLPGTRLPRWAHRQDAVSGTPLLREEQQEHQQQQQEEEEEEEDSRDEGLGVATPHQATQVPEGAAKWGLVAERLLELAAGFSDVLSRVQVFLRR"
"173","RIEEKSLAQLKRQMERIRAKQEKHRQGRVDRSRPQDTLGPKDPGLEPGPDSPGGSSPPRRQWWRPWLDHATVIHSGDYFLFESDSEEEEEAVPEDPRPSAQ"
"174","SLAQLKRQMERIRAKQEKHRQGRVDRSRPQDTLGPKDPGLEPGPDSPGGSSPPRRQWWRPWLDHATVIHSGDYFLFESDSEEEEEAVPEDPRPSAQSAFQL"
"175","APSTVSSGLGAEEPLSSMTDDMGSPLSTGYHTRSGSEEAVTDPGEREAGASLYQGLMRTASELLLDRRLRIPELEEAELFAEGQGRALRLLRAVYQCVAAH"
"176","AEEPLSSMTDDMGSPLSTGYHTRSGSEEAVTDPGEREAGASLYQGLMRTASELLLDRRLRIPELEEAELFAEGQGRALRLLRAVYQCVAAHSELLCYFIII"
"177","DKLKDEPKIKVHRFLLQAVNQKNLLKKPEKGDEKELDKREKAKKLDKENLSDERASGQSCTLPKRSDSELKDEKPKRPEDESGRDYREREREYERDQERIL"
"178","RRHEKELRELERRGARRWEELLQRGAAQLAELGPPGVGGVGACKLGPGKGSRKKRSLPREESAGAAPGEGPEGVDGRVRELKDRLELELLRQGEEQYECVL"
"179","KMAEYCRSIFGDALLIEPLDKYPLAPGVPLPSPQDLMGRILVKNKKRHRPSAGGPDSAGRKRPLEQSNSALSESSAATEPSSPQLGSPSSDSCPGLSNGEE"
"180","EPLDKYPLAPGVPLPSPQDLMGRILVKNKKRHRPSAGGPDSAGRKRPLEQSNSALSESSAATEPSSPQLGSPSSDSCPGLSNGEEVGLEKPSLEPQKSLGD"
"181","YPLAPGVPLPSPQDLMGRILVKNKKRHRPSAGGPDSAGRKRPLEQSNSALSESSAATEPSSPQLGSPSSDSCPGLSNGEEVGLEKPSLEPQKSLGDEGLNR"
"182","LEQSNSALSESSAATEPSSPQLGSPSSDSCPGLSNGEEVGLEKPSLEPQKSLGDEGLNRGPYVLGPADREDEEEDEEEEEQTDPKKPTTDEGTASSEVNAT"
"183","LAALIGESEAQAGQETCQDTQSQQLGSQPSSNPTPSPLDASPRRPPGPTTSPASTSLSSPGQRDDLIASILSEVAPTPLDELRGHKALVKLRSRQERDLRE"
"184","QRRLEHLRQALQRLREVVLDANTTQFKRLKEMNEREKKELQKILDRKRHNSISEAKMRDKHKKEAELTEINRRHITESVNSIRRLEEAQKQRHDRLVAGQQ"
"185","VGLALGTLYGNVFSQTTICRFEALQLSFKNMCKLKPLLNKWLEEADSSSGSPTSIDKIAAQGRKRKKRTSIEVSVKGALESHFLKCPKPSAQEITSLADSL"
"186","GYILVYSVTSIKSFEVIKVIHGKLLDMVGKVQIPIMLVGNKKDLHMERVISYEEGKALAESWNAAFLESSAKENQTAVDVFRRIILEAEKMDGAASQGKSS"
"187","HPSGKDQTVGNSHAKAGEEATSSRRYGQYTMNQESTTIKVMEKPPFDRSISQDSLDELSMEDYWIELENIKKSSENSQEDQEVVVVKEPDEGELEEEWLKE"
"188","GKDQTVGNSHAKAGEEATSSRRYGQYTMNQESTTIKVMEKPPFDRSISQDSLDELSMEDYWIELENIKKSSENSQEDQEVVVVKEPDEGELEEEWLKEAGL"
"189","GEEKLIPPEETPAPETDINLEVSFAEQALNQKESSKEKIQKSKGDDATLPSFRLPKDKTGTTRIGDLAPQDMKKVCHLALIELTALYDVLGIELKQQKAVK"
"190","EKYEKQDKSTNDADVPQGVIRVQAPHLSKVSMAIQLTEELKASDVLARFLSQESGVAQTLKKGEVFLYEIGGNIGERCLDDDTYMKDLYQLNPNAEWVIKS"
"191","NEENKNDLFQEVFSSIETLAFTFGNILTNFLMGDVGNDSLLRLPVSRETKSFENVSVESVDSSSEKGNFSPLELDNVLLKNTDSIELALSYAKTWSKYTKN"
"192","NDLFQEVFSSIETLAFTFGNILTNFLMGDVGNDSLLRLPVSRETKSFENVSVESVDSSSEKGNFSPLELDNVLLKNTDSIELALSYAKTWSKYTKNIVSWV"
"193","FQEVFSSIETLAFTFGNILTNFLMGDVGNDSLLRLPVSRETKSFENVSVESVDSSSEKGNFSPLELDNVLLKNTDSIELALSYAKTWSKYTKNIVSWVEKK"
"194","AFTFGNILTNFLMGDVGNDSLLRLPVSRETKSFENVSVESVDSSSEKGNFSPLELDNVLLKNTDSIELALSYAKTWSKYTKNIVSWVEKKLNLELESTRNM"
"195","SLCDSAKLYDPGQEYSEFVKATNSTEEEKVDGNVNKHLNSSQPSGFGPANSLEDVVRLPDSSNKIEEDRCSNSADITGPSFIRSWTFGMFSDSESTGGSSE"
"196","ATNSTEEEKVDGNVNKHLNSSQPSGFGPANSLEDVVRLPDSSNKIEEDRCSNSADITGPSFIRSWTFGMFSDSESTGGSSESRSLDSESISPGDFHRKLPR"
"197","DVVRLPDSSNKIEEDRCSNSADITGPSFIRSWTFGMFSDSESTGGSSESRSLDSESISPGDFHRKLPRTPSSGTMSSADDLDEREPPSPSETGPNSLGTFK"
"198","SSLAEYSNQARLVEFLITYSQKIFDGSLQPQDVMCSIGVVDQGCFPKPLLSPEERDIERSMKSLFFSSKEDIHTSESESKIFERATSFEESERKQNALGKC"
"199","IGVVDQGCFPKPLLSPEERDIERSMKSLFFSSKEDIHTSESESKIFERATSFEESERKQNALGKCDACLSDKAQLLLDQEAESASQKIEDGKTPKPLSLKS"
"200","DKAQLLLDQEAESASQKIEDGKTPKPLSLKSDRSTNNVERHTPRTKIRPVSLPVDRLLLASPPNERNGRNMGNVNLDKFCKNPAFEGVNRKDAATTVCSKF"
